"","Kum","Kum","Storžič","Storžič","Lovrenška jezera","Lovrenška jezera","Triglavski narodni park","Triglavski narodni park","Osp","Osp","Vršič","Vršič"
"datum","vhodi","izhodi","vhodi","izhodi","vhodi","izhodi","vhodi","izhodi","vhodi","izhodi","vhodi","izhodi"
"2022-06-01","","","","","","","696","592","","","",""
"2022-06-02","","","","","","","392","351","","","",""
"2022-06-03","","","","","","","627","501","","","",""
"2022-06-04","","","","","","","1250","1238","","","",""
"2022-06-05","","","","","","","1258","1208","","","",""
"2022-06-06","","","","","","","721","661","","","",""
"2022-06-07","","","","","","","475","454","","","",""
"2022-06-08","","","","","","","603","572","","","",""
"2022-06-09","","","","","","","295","284","","","",""
"2022-06-10","","","","","","","832","755","","","",""
"2022-06-11","","","","","","","1276","1173","","","",""
"2022-06-12","","","","","","","1489","1349","","","",""
"2022-06-13","","","","","","","417","397","","","",""
"2022-06-14","","","","","","","988","881","","","",""
"2022-06-15","","","","","","","751","800","26","20","",""
"2022-06-16","","","","","","","845","824","33","27","",""
"2022-06-17","","","","","","","960","914","50","29","",""
"2022-06-18","","","","","","","1666","1598","28","34","",""
"2022-06-19","","","","","","","1479","1367","22","18","",""
"2022-06-20","3","0","","","","","644","604","45","61","",""
"2022-06-21","10","14","","","","","773","730","15","16","",""
"2022-06-22","1","2","","","","","712","678","18","17","",""
"2022-06-23","2","3","","","","","637","596","7","12","",""
"2022-06-24","4","4","","","","","773","676","36","21","",""
"2022-06-25","64","69","","","","","1590","1444","45","31","",""
"2022-06-26","53","42","","","","","1774","1757","11","15","",""
"2022-06-27","9","9","","","156","162","1149","892","30","37","",""
"2022-06-28","3","5","","","38","28","1464","916","40","41","",""
"2022-06-29","13","7","","","107","107","749","703","17","25","",""
"2022-06-30","10","7","","","140","148","1066","934","15","16","",""
"2022-07-01","14","14","","","183","196","1241","1031","15","14","",""
"2022-07-02","34","34","","","576","571","2731","1909","31","16","",""
"2022-07-03","83","89","","","687","693","3068","2602","28","12","",""
"2022-07-04","7","6","","","128","125","1767","1750","5","4","",""
"2022-07-05","4","1","","","48","47","1360","1315","16","18","",""
"2022-07-06","24","17","","","122","120","1599","1623","12","18","",""
"2022-07-07","4","6","","","12","13","956","980","6","8","",""
"2022-07-08","4","10","","","56","51","1643","1576","25","7","",""
"2022-07-09","39","51","","","521","532","2052","2008","7","10","",""
"2022-07-10","127","99","","","184","197","1923","2022","10","16","",""
"2022-07-11","7","5","","","90","82","1545","1528","","","",""
"2022-07-12","26","11","","","84","86","1165","982","0","0","",""
"2022-07-13","29","21","","","182","178","2401","1665","0","0","",""
"2022-07-14","9","5","","","142","140","1625","1629","10","5","",""
"2022-07-15","17","20","","","91","106","1128","1167","40","8","147","205"
"2022-07-16","41","29","","","360","370","1511","1314","18","18","369","308"
"2022-07-17","117","102","","","797","786","2243","2346","25","14","857","708"
"2022-07-18","10","8","","","165","174","1983","1670","16","14","519","435"
"2022-07-19","25","17","32","40","238","228","2046","1874","2","10","563","453"
"2022-07-20","12","15","63","81","307","295","2279","1990","22","27","627","558"
"2022-07-21","8","6","117","136","250","255","2023","1655","9","11","633","552"
"2022-07-22","10","15","199","169","226","251","1759","1512","8","8","659","601"
"2022-07-23","51","44","254","195","883","865","2106","1776","10","17","954","900"
"2022-07-24","111","102","61","64","536","560","2202","2089","7","10","643","566"
"2022-07-25","14","14","65","63","290","300","2048","1736","5","6","755","663"
"2022-07-26","12","7","68","66","35","36","1589","1483","2","5","307","303"
"2022-07-27","39","25","12","13","307","321","2076","2046","","","605","530"
"2022-07-28","68","54","103","111","348","361","2188","2240","0","0","908","822"
"2022-07-29","35","19","72","65","284","290","1684","1590","1","0","417","373"
"2022-07-30","7","3","7","9","67","86","1775","1318","16","15","550","516"
"2022-07-31","178","146","236","237","968","975","11945","2354","13","14","1237","1029"
"2022-08-01","9","9","59","55","195","209","5158","1802","2","2","738","591"
"2022-08-02","22","20","12","10","114","118","4436","1923","7","10","503","443"
"2022-08-03","45","32","62","62","485","488","4781","2460","7","13","961","856"
"2022-08-04","9","7","53","50","416","421","4713","2226","5","13","818","681"
"2022-08-05","10","2","35","44","405","508","3594","1888","7","4","467","740"
"2022-08-06","23","25","17","16","541","619","1713","1771","21","23","393","345"
"2022-08-07","156","146","104","93","1093","1146","2088","1933","26","52","319","261"
"2022-08-08","8","2","26","28","126","124","34704","1899","8","18","251","202"
"2022-08-09","27","34","57","69","472","472","107091","2306","6","11","1090","970"
"2022-08-10","66","60","84","79","533","559","119243","1955","26","21","987","902"
"2022-08-11","20","18","75","70","436","463","75829","2006","9","13","962","855"
"2022-08-12","5","5","19","15","128","130","66915","1290","2","6","302","279"
"2022-08-13","9","2","15","16","64","71","67269","1558","6","20","720","643"
"2022-08-14","119","102","259","227","1537","1598","162169","2110","31","37","1309","1188"
"2022-08-15","205","196","166","156","1618","1613","43149","2099","24","40","858","772"
"2022-08-16","14","9","28","31","221","220","50974","1623","3","4","594","595"
"2022-08-17","32","35","79","74","425","438","23592","1803","19","14","1023","925"
"2022-08-18","12","10","57","62","373","382","10658","1567","5","14","630","569"
"2022-08-19","17","6","3","3","200","219","93190","930","6","10","108","77"
"2022-08-20","19","18","148","132","188","202","140183","1740","17","15","593","552"
"2022-08-21","59","60","34","67","397","399","59440","2095","8","14","901","835"
"2022-08-22","5","4","5","1","36","45","1741","1629","2","5","521","477"
"2022-08-23","3","4","15","11","37","45","69480","1821","18","41","563","512"
"2022-08-24","13","9","53","61","279","309","41364","1836","27","40","826","783"
"2022-08-25","3","1","31","28","128","130","4901","1589","22","28","524","508"
"2022-08-26","19","13","25","16","235","231","15247","1278","8","15","448","415"
"2022-08-27","52","49","14","16","382","407","29743","907","15","22","324","304"
"2022-08-28","120","84","5","3","162","188","9263","921","16","16","186","177"
"2022-08-29","2","2","4","11","44","41","5794","929","12","18","433","368"
"2022-08-30","22","22","53","43","189","185","14344","869","12","10","469","398"
"2022-08-31","5","6","4","3","80","79","21742","300","2","5","30","22"
"2022-09-01","15","14","0","0","16","18","80282","256","12","16","199","168"
"2022-09-02","15","13","8","6","85","80","97231","450","4","11","515","481"
"2022-09-03","59","54","52","62","519","573","44270","846","31","50","629","583"
"2022-09-04","48","56","19","33","398","415","4381","643","39","54","468","426"
"2022-09-05","8","5","16","23","59","56","837","513","34","25","432","376"
"2022-09-06","23","22","49","51","139","138","66007","581","16","14","533","488"
"2022-09-07","8","8","5","9","67","59","77122","492","50","42","297","275"
"2022-09-08","6","6","0","0","159","204","72814","148","9","12","78","81"
"2022-09-09","5","0","5","0","35","32","65142","116","29","29","66","44"
"2022-09-10","28","24","10","20","238","256","108950","417","40","51","374","343"
"2022-09-11","76","49","28","25","197","203","160310","611","63","48","622","521"
"2022-09-12","2","2","21","18","59","76","100926","603","24","24","492","508"
"2022-09-13","12","8","18","21","107","103","628","799","23","41","398","395"
"2022-09-14","14","11","5","9","75","68","235","342","23","34","119","118"
"2022-09-15","42","61","1","1","6","6","83","81","20","20","54","48"
"2022-09-16","1","0","3","1","14","15","56","51","17","21","53","41"
"2022-09-17","2","2","10","7","2","4","108","125","24","19","82","54"
"2022-09-18","92","78","38","32","264","272","468","432","73","72","378","339"
"2022-09-19","3","6","15","9","63","63","262","300","38","67","320","268"
"2022-09-20","9","6","12","14","91","89","497","385","25","52","309","282"
"2022-09-21","11","19","19","19","72","81","265","308","59","85","308","264"
"2022-09-22","8","8","11","8","138","133","271","348","38","46","370","334"
"2022-09-23","35","25","56","43","72","73","221","259","93","55","338","321"
"2022-09-24","38","40","63","67","322","342","146","174","59","34","288","340"
"2022-09-25","1","5","0","0","2","3","38","39","0","0","21","14"
"2022-09-26","3","1","5","4","5","10","84","116","0","0","91","64"
"2022-09-27","0","0","0","0","5","3","24","23","0","0","35","11"
"2022-09-28","31","27","23","23","40","41","75","95","2","0","73","63"
"2022-09-29","2","0","2","1","3","2","29","28","0","0","16","15"
"2022-09-30","1","0","0","0","6","6","15","11","0","4","12","11"
"2022-10-01","20","28","3","1","71","71","92","55","0","0","109","83"
"2022-10-02","91","67","34","46","142","150","151","221","7","3","364","360"
"2022-10-03","3","5","2","1","53","49","81","66","0","0","187","176"
"2022-10-04","5","9","8","5","56","53","90","118","0","1","172","158"
"2022-10-05","33","20","11","15","27","26","112","122","0","0","258","253"
"2022-10-06","19","14","7","13","54","55","115","130","0","12","290","261"
"2022-10-07","12","11","8","29","39","48","186","179","1","6","279","264"
"2022-10-08","55","62","82","83","890","864","306","264","0","0","1024","1005"
"2022-10-09","50","52","5","7","172","180","143","220","1","6","209","174"
"2022-10-10","3","3","7","5","48","67","80","76","0","11","107","103"
"2022-10-11","6","2","7","4","36","36","89","98","0","0","249","248"
"2022-10-12","8","5","6","5","37","31","73","73","0","2","134","123"
"2022-10-13","13","7","34","36","140","127","97","85","0","0","238","237"
"2022-10-14","4","0","14","14","51","54","103","77","0","1","299","296"
"2022-10-15","39","38","75","62","261","281","232","224","6","29","950","896"
"2022-10-16","91","60","206","165","437","446","292","281","1","3","1802","1696"
"2022-10-17","2","1","12","11","27","30","67","59","0","5","266","247"
"2022-10-18","20","21","35","26","32","53","132","108","0","0","544","518"
"2022-10-19","86","56","42","33","40","44","131","127","0","0","550","518"
"2022-10-20","5","4","0","0","33","34","65","51","0","0","89","87"
"2022-10-21","13","10","22","18","44","67","44","49","0","0","89","76"
"2022-10-22","11","10","10","6","15","9","15","10","0","0","2","3"
"2022-10-23","39","29","40","25","173","179","138","98","0","0","278","269"
"2022-10-24","10","10","1","0","47","54","10","7","0","0","11","9"
"2022-10-25","1","2","3","0","2","2","32","33","0","0","27","29"
"2022-10-26","7","1","19","14","21","25","61","43","0","0","178","196"
"2022-10-27","14","12","41","31","30","36","122","107","0","0","329","319"
"2022-10-28","6","20","23","22","47","56","138","119","0","0","407","384"
"2022-10-29","56","48","199","160","371","405","497","439","0","0","999","919"
"2022-10-30","128","91","204","180","873","944","708","684","69","44","1572","1405"
"2022-10-31","111","80","218","172","854","912","603","631","80","83","1383","1264"
"2022-11-01","104","65","50","62","422","430","325","325","65","76","673","627"
"2022-11-02","12","7","6","5","103","100","50","55","45","28","139","125"
"2022-11-03","4","5","1","0","87","87","15","15","29","12","15","9"
"2022-11-04","1","1","0","0","1","1","12","7","7","1","4","2"
"2022-11-05","14","15","26","25","77","106","107","85","69","228","130","124"
"2022-11-06","92","75","185","147","130","143","174","134","103","77","410","388"
"2022-11-07","2","2","18","11","40","64","23","19","4","9","66","55"
"2022-11-08","10","6","20","22","14","18","37","35","11","11","56","62"
"2022-11-09","4","3","5","5","12","9","50","53","10","9","2","4"
"2022-11-10","0","1","0","0","1","2","24","16","3","0","1","0"
"2022-11-11","6","4","8","9","13","13","91","65","30","27","33","27"
"2022-11-12","19","21","41","41","90","111","674","587","79","94","115","106"
"2022-11-13","45","35","114","84","107","122","280","289","93","103","207","196"
"2022-11-14","4","2","1","1","39","47","51","42","9","17","6","6"
"2022-11-15","0","0","5","4","12","14","4","1","1","0","0","0"
"2022-11-16","0","0","0","0","4","3","0","0","0","2","0","2"
"2022-11-17","6","5","4","5","11","8","29","22","4","4","8","4"
"2022-11-18","1","1","0","0","11","14","26","13","4","43","0","0"
"2022-11-19","11","7","7","8","21","26","42","54","153","125","0","0"
"2022-11-20","26","19","7","4","11","15","49","60","184","172","0","0"
"2022-11-21","6","6","2","1","7","9","35","28","20","24","0","0"
"2022-11-22","0","0","1","0","1122","800","10","8","5","2","0","0"
"2022-11-23","3","2","2","0","377","344","13","10","12","25","",""
"2022-11-24","14","5","1","0","142","146","43","39","67","64","",""
"2022-11-25","5","4","0","0","0","0","23","15","39","46","",""
"2022-11-26","36","25","15","9","9","14","32","23","133","157","",""
"2022-11-27","66","48","4","0","29","30","38","40","271","312","",""
"2022-11-28","7","6","0","0","5","5","37","31","20","29","",""
"2022-11-29","1","1","0","0","0","0","25","22","29","27","",""
"2022-11-30","2","3","2","0","30","19","37","21","21","20","",""
"2022-12-01","0","0","0","0","717","558","22","19","36","29","",""
"2022-12-02","5","4","0","0","16","9","12","9","37","33","",""
"2022-12-03","9","6","0","0","17","34","7","7","86","83","",""
"2022-12-04","6","2","0","0","19","12","6","7","58","69","",""
"2022-12-05","1","0","0","0","0","0","3","3","5","4","",""
"2022-12-06","14","4","0","0","1","4","21","20","33","37","",""
"2022-12-07","4","4","2","3","0","4","14","12","10","17","",""
"2022-12-08","6","2","0","0","904","897","11","5","66","107","",""
"2022-12-09","2","2","0","0","883","730","4","4","10","6","",""
"2022-12-10","4","4","0","0","1","7","3","3","59","70","",""
"2022-12-11","17","10","0","0","77","71","4","7","16","57","",""
"2022-12-12","5","5","0","0","7","11","14","11","19","21","",""
"2022-12-13","11","8","0","0","6","5","36","32","31","19","",""
"2022-12-14","7","0","0","0","1","1","9","4","9","12","",""
"2022-12-15","0","0","0","0","15","15","","","18","24","",""
"2022-12-16","0","0","0","0","0","0","","","0","2","",""
"2022-12-17","36","15","0","0","0","18","","","49","40","",""
"2022-12-18","66","40","0","0","36","25","","","177","186","",""
"2022-12-19","4","7","0","0","0","3","","","25","26","",""
"2022-12-20","5","4","0","0","0","6","","","16","19","",""
"2022-12-21","1","2","0","0","5","5","","","11","12","",""
"2022-12-22","10","5","0","0","1","3","","","20","25","",""
"2022-12-23","2","0","0","0","5","2","","","9","11","",""
"2022-12-24","10","5","0","0","5","12","","","20","37","",""
"2022-12-25","38","28","0","0","26","32","","","22","21","",""
"2022-12-26","53","52","0","0","52","73","","","68","28","",""
"2022-12-27","17","22","0","0","6","10","","","41","53","",""
"2022-12-28","37","27","0","0","21","27","","","116","112","",""
"2022-12-29","20","12","0","0","21","18","","","43","57","",""
"2022-12-30","4","4","","","9","7","","","36","33","",""
"2022-12-31","37","19","","","49","65","","","63","83","",""
"2023-01-01","43","37","","","38","71","","","69","65","",""
"2023-01-02","498","390","","","79","123","","","40","25","",""
"2023-01-03","10","10","","","1","10","","","24","24","",""
"2023-01-04","5","4","","","8","11","","","34","30","",""
"2023-01-05","2","0","","","14","28","","","36","37","",""
"2023-01-06","27","18","","","20","29","","","58","58","",""
"2023-01-07","68","63","","","76","116","","","52","64","",""
"2023-01-08","28","24","","","44","65","","","47","34","",""
"2023-01-09","1","0","","","0","0","","","2","3","",""
"2023-01-10","2","2","","","0","0","","","48","26","",""
"2023-01-11","3","1","","","0","0","","","21","26","",""
"2023-01-12","8","6","","","1","1","","","17","17","",""
"2023-01-13","4","4","","","0","0","","","10","18","",""
"2023-01-14","74","52","","","25","44","","","150","108","",""
"2023-01-15","51","22","","","26","27","","","31","34","",""
"2023-01-16","0","0","","","98","169","","","1","0","",""
"2023-01-17","3","1","","","0","0","","","3","3","",""
"2023-01-18","0","0","","","34","72","","","3","3","",""
"2023-01-19","5","5","","","0","0","","","7","7","",""
"2023-01-20","10","10","","","0","0","","","5","6","",""
"2023-01-21","49","27","","","3","0","","","185","152","",""
"2023-01-22","94","75","","","0","0","","","27","37","",""
"2023-01-23","0","0","","","0","0","","","3","1","",""
"2023-01-24","0","0","","","0","0","","","21","21","",""
"2023-01-25","0","0","","","0","0","","","19","14","",""
"2023-01-26","0","0","","","0","0","","","16","18","",""
"2023-01-27","0","0","","","0","0","","","17","24","",""
"2023-01-28","2","1","","","0","0","","","71","43","",""
"2023-01-29","3","2","","","0","0","","","46","55","",""
"2023-01-30","1","1","","","2","0","","","16","13","",""
"2023-01-31","2","2","","","0","0","","","31","19","",""
"2023-02-01","0","1","","","0","0","","","26","25","",""
"2023-02-02","4","1","","","12","20","","","24","20","",""
"2023-02-03","1","1","","","0","1","","","39","41","",""
"2023-02-04","54","56","","","21","3","","","174","178","",""
"2023-02-05","98","72","","","0","48","","","76","62","",""
"2023-02-06","4","7","","","6","15","","","28","29","",""
"2023-02-07","14","10","","","0","2","","","16","23","",""
"2023-02-08","73","52","","","4","23","","","106","106","",""
"2023-02-09","7","6","","","4","25","","","37","42","",""
"2023-02-10","5","4","","","0","6","","","58","49","",""
"2023-02-11","48","39","","","4","30","","","63","108","",""
"2023-02-12","87","50","","","0","13","","","117","127","",""
"2023-02-13","5","3","","","0","3","","","20","19","",""
"2023-02-14","9","13","","","2","16","","","24","26","",""
"2023-02-15","15","7","","","0","0","","","33","40","",""
"2023-02-16","9","4","","","0","0","","","21","37","",""
"2023-02-17","2","3","","","0","3","","","29","29","",""
"2023-02-18","8","8","","","0","0","","","159","145","",""
"2023-02-19","32","23","","","2","7","","","110","102","",""
"2023-02-20","0","0","","","3","0","","","52","47","",""
"2023-02-21","2","1","","","0","0","","","37","30","",""
"2023-02-22","2","1","","","0","0","","","33","32","",""
"2023-02-23","0","1","","","0","1","","","15","11","",""
"2023-02-24","3","3","","","12","29","","","27","23","",""
"2023-02-25","1","1","","","25","38","","","40","43","",""
"2023-02-26","9","12","","","1","2","","","1","1","",""
"2023-02-27","1","1","","","1","7","","","0","3","",""
"2023-02-28","4","2","","","0","0","","","2","0","",""
"2023-03-01","4","3","","","39","57","","","0","0","",""
"2023-03-02","0","0","","","0","0","","","34","60","",""
"2023-03-03","3","2","","","0","2","","","54","47","",""
"2023-03-04","29","23","","","0","0","","","188","199","",""
"2023-03-05","23","34","","","0","0","","","181","215","",""
"2023-03-06","0","0","","","0","1","","","8","10","",""
"2023-03-07","1","2","","","4712","2719","","","37","34","",""
"2023-03-08","3","2","","","652","431","","","19","17","",""
"2023-03-09","2","0","","","16","53","","","55","52","",""
"2023-03-10","2","2","","","3","2","","","50","53","",""
"2023-03-11","58","25","","","0","0","","","163","170","",""
"2023-03-12","79","64","","","2","0","","","284","267","",""
"2023-03-13","0","0","","","11","13","","","42","28","",""
"2023-03-14","2","0","","","53","67","","","13","13","",""
"2023-03-15","0","2","","","0","0","","","28","15","",""
"2023-03-16","7","7","","","0","0","","","79","57","",""
"2023-03-17","3","4","","","0","2","","","86","76","",""
"2023-03-18","92","65","","","0","0","","","96","101","",""
"2023-03-19","60","64","","","0","9","","","89","115","",""
"2023-03-20","0","0","","","0","0","","","19","16","",""
"2023-03-21","3","4","","","0","0","","","20","10","",""
"2023-03-22","31","37","","","1","0","","","41","32","",""
"2023-03-23","4","6","","","2","2","","","33","13","",""
"2023-03-27","1","1","","","12","33","","","19","19","",""
"2023-03-28","11","7","","","2","0","","","33","41","",""
"2023-03-29","18","37","","","0","0","","","43","33","",""
"2023-03-30","3","5","","","0","1","","","38","40","",""
"2023-03-31","0","1","","","0","0","","","30","40","",""
"2023-04-01","23","39","","","3","0","","","17","23","",""
"2023-04-02","33","22","","","9","0","","","29","16","",""
"2023-04-03","2","3","","","0","4","","","12","0","",""
"2023-04-04","2","3","","","1","2","","","3","3","",""
"2023-04-05","4","1","","","0","0","","","7","12","",""
"2023-04-06","7","5","","","1","2","","","3","12","",""
"2023-04-07","6","7","","","5","6","","","2","5","",""
"2023-04-08","3","6","","","0","0","","","12","16","",""
"2023-04-09","9","8","","","223","259","","","28","40","",""
"2023-04-10","90","70","","","31","43","","","39","42","",""
"2023-04-11","0","0","","","0","6","","","0","1","",""
"2023-04-12","11","6","","","0","3","","","2","0","",""
"2023-04-13","0","0","","","21","13","","","0","0","",""
"2023-04-14","1","0","","","3","2","","","747","772","",""
"2023-04-15","6","4","","","0","0","","","74","82","",""
"2023-04-16","4","6","","","0","0","","","161","155","",""
"2023-04-17","2","2","","","70","80","","","43","52","",""
"2023-04-18","0","3","","","0","0","","","82","57","",""
"2023-04-19","22","14","","","0","0","","","45","45","",""
"2023-04-20","1","2","","","0","0","","","48","55","",""
"2023-04-21","8","7","","","0","0","","","39","47","",""
"2023-04-22","27","14","","","2","0","","","128","116","",""
"2023-04-23","55","53","","","12","12","","","114","134","",""
"2023-04-24","0","0","","","129","163","","","28","22","",""
"2023-04-25","1","0","","","1","1","","","34","43","",""
"2023-04-26","8","8","","","5","0","","","58","59","",""
"2023-04-27","66","52","","","41","48","","","87","92","",""
"2023-04-28","17","14","","","39","21","","","136","105","",""
"2023-04-29","64","39","","","34","59","","","276","285","",""
"2023-04-30","26","21","","","96","118","","","263","259","",""
"2023-05-01","76","77","","","69","81","","","160","203","",""
"2023-05-02","2","2","","","0","0","","","37","38","",""
"2023-05-03","0","0","","","14","16","","","107","155","",""
"2023-05-04","7","10","","","11","16","","","91","118","",""
"2023-05-05","10","7","","","43","45","","","79","78","",""
"2023-05-06","30","17","","","29","53","","","111","84","",""
"2023-05-07","29","28","","","21","24","","","47","64","",""
"2023-05-08","1","0","","","2","1","","","48","53","",""
"2023-05-09","3","4","","","4","6","","","32","41","",""
"2023-05-10","3","1","","","5","5","","","27","19","",""
"2023-05-11","1","1","","","0","0","","","15","21","",""
"2023-05-12","21","17","","","1","2","","","18","23","",""
"2023-05-13","13","10","","","23","18","","","37","39","",""
"2023-05-14","1","3","","","4","4","","","70","63","",""
"2023-05-15","4","5","","","11","15","","","11","16","",""
"2023-05-16","0","0","","","0","0","","","19","19","",""
"2023-05-17","3","2","","","0","0","","","43","51","",""
"2023-05-18","0","0","","","9","9","","","106","95","",""
"2023-05-19","6","2","","","13","66","","","123","139","",""
"2023-05-20","3","3","","","51","63","","","118","120","",""
"2023-05-21","38","34","","","212","249","","","141","125","",""
"2023-05-22","1","1","","","16","15","","","15","11","",""
"2023-05-23","15","6","","","49","51","","","24","24","",""
"2023-05-24","1","0","","","3","0","","","34","35","",""
"2023-05-25","0","1","","","53","52","","","71","57","",""
"2023-05-26","1","6","","","50","48","","","49","81","",""
"2023-05-27","84","22","","","263","263","","","42","53","",""
"2023-05-28","38","19","","","300","309","","","85","117","",""
"2023-05-29","1","2","","","22","21","","","41","53","",""
"2023-05-30","2","0","","","196","203","","","17","44","",""
"2023-05-31","1","1","","","57","72","","","26","30","",""
"2023-06-01","37","34","","","24","21","","","25","17","",""
"2023-06-02","10","4","","","37","36","","","82","91","",""
"2023-06-03","31","22","","","198","209","","","100","100","",""
"2023-06-04","89","62","","","111","119","","","103","98","",""
"2023-06-05","0","0","","","2","2","","","18","17","",""
"2023-06-06","2","2","","","10","10","","","21","21","",""
"2023-06-07","5","7","33","31","22","23","","","32","41","",""
"2023-06-08","3","2","1","1","83","89","","","24","22","",""
"2023-06-09","6","7","","","76","92","","","54","58","",""
"2023-06-10","82","62","","","91","111","","","61","77","",""
"2023-06-11","242","295","","","30","33","","","67","69","",""
"2023-06-12","58","41","0","0","103","123","","","31","34","",""
"2023-06-13","21","20","8","6","71","91","","","20","21","",""
"2023-06-14","15","14","11","0","108","107","","","13","11","",""
"2023-06-15","64","69","2","0","143","108","","","21","8","",""
"2023-06-16","148","154","7","0","34","1","","","30","35","",""
"2023-06-17","83","67","79","2","157","97","","","12","24","",""
"2023-06-18","292","336","124","37","384","237","","","37","27","",""
"2023-06-19","577","651","7","4","58","17","","","2","3","",""
"2023-06-20","826","796","21","16","84","100","","","3","14","",""
"2023-06-21","257","285","25","8","92","84","","","4","6","",""
"2023-06-22","774","1041","35","22","186","184","","","18","15","53","120"
"2023-06-23","1695","1864","6","3","50","52","","","10","30","171","157"
"2023-06-24","178","167","66","16","220","216","","","16","28","540","493"
"2023-06-25","114","95","168","54","556","557","","","25","22","661","590"
"2023-06-26","34","33","24","12","105","112","","","16","13","406","371"
"2023-06-27","460","393","1","0","101","85","","","19","21","170","126"
"2023-06-28","276","294","7","0","142","133","","","35","29","210","202"
"2023-06-29","30","30","34","18","199","180","","","21","16","479","438"
"2023-06-30","224","160","63","26","168","187","","","12","20","453","381"
"2023-07-01","326","318","0","1","43","32","","","51","49","106","113"
"2023-07-02","156","139","80","30","377","396","","","14","16","719","628"
"2023-07-03","17","25","0","0","6","6","","","17","13","89","59"
"2023-07-04","11","8","4","1","99","99","","","9","5","490","419"
"2023-07-05","14","14","12","14","130","129","","","22","30","497","478"
"2023-07-06","16","9","11","20","22","18","","","13","8","358","295"
"2023-07-07","23","12","9","5","91","127","","","0","0","771","687"
"2023-07-08","44","34","57","85","543","514","","","0","0","931","827"
"2023-07-09","96","89","32","43","618","651","","","0","0","903","772"
"2023-07-10","10","7","8","3","166","154","","","0","0","570","479"
"2023-07-11","8","6","9","12","146","155","","","0","0","610","573"
"2023-07-12","978","926","3","4","125","114","","","0","0","706","582"
"2023-07-13","83","86","6","6","25","35","","","0","0","136","119"
"2023-07-14","8","10","8","13","120","140","","","0","0","730","615"
"2023-07-15","34","49","53","56","628","617","","","0","0","1032","947"
"2023-07-16","104","112","27","31","761","772","","","0","0","1515","1456"
"2023-07-17","3","3","20","15","150","126","","","3","10","525","438"
"2023-07-18","50","46","26","24","179","187","","","10","4","679","615"
"2023-07-19","13","19","19","15","95","91","","","8","6","498","450"
"2023-07-20","114","75","16","8","61","51","","","25","17","486","442"
"2023-07-21","91","95","0","1","25","25","","","19","25","160","153"
"2023-07-22","18","10","4","4","108","106","","","16","13","332","293"
"2023-07-23","103","89","104","50","548","579","","","15","14","1153","1123"
"2023-07-24","21","25","21","8","218","214","","","13","14","862","747"
"2023-07-25","15","13","0","0","0","5","","","6","8","188","167"
"2023-07-26","7","6","1","0","13","21","","","31","30","494","475"
"2023-07-27","32","31","42","29","123","145","","","22","25","902","829"
"2023-07-28","122","109","51","39","99","178","","","19","23","891","826"
"2023-07-29","77","68","156","93","162","294","","","27","24","804","744"
"2023-07-30","18","8","4","7","35","64","","","20","21","358","299"
"2023-07-31","14","15","26","31","63","58","","","18","20","672","555"
"2023-08-01","21","22","13","9","53","85","","","30","27","346","247"
"2023-08-02","24","21","38","23","153","209","","","13","17","899","810"
"2023-08-03","28","26","2","0","34","82","","","38","28","353","266"
"2023-08-04","11","7","0","0","1","2","","","34","14","51","48"
"2023-08-05","7","18","1","4","2","1","","","16","17","29","28"
"2023-08-06","12","14","0","0","5","4","","","10","12","238","191"
"2023-08-07","4","5","4","5","24","44","","","17","18","554","521"
"2023-08-08","15","17","17","17","79","135","","","23","29","838","761"
"2023-08-09","5","2","3","2","27","84","","","23","19","382","362"
"2023-08-10","11","8","6","1","57","60","","","25","21","525","459"
"2023-08-11","15","16","15","22","89","141","","","20","21","891","748"
"2023-08-12","69","46","27","20","212","418","","","12","14","882","816"
"2023-08-13","74","62","33","34","323","686","","","27","26","828","779"
"2023-08-14","34","33","25","29","250","384","","","11","5","1012","879"
"2023-08-15","187","159","47","64","438","890","","","17","29","1052","959"
"2023-08-16","37","32","11","17","32","44","","","8","8","528","525"
"2023-08-17","14","21","2","9","51","52","","","6","6","678","650"
"2023-08-18","25","19","8","5","45","35","","","6","5","350","327"
"2023-08-19","45","31","121","159","183","350","","","16","19","984","875"
"2023-08-20","85","82","50","68","296","494","","","5","2","982","915"
"2023-08-21","8","9","16","19","63","73","","","15","15","656","630"
"2023-08-22","15","17","13","17","72","122","","","11","17","682","611"
"2023-08-23","18","8","26","25","53","81","","","5","2","485","420"
"2023-08-24","17","11","21","24","81","130","","","2","13","710","662"
"2023-08-25","24","17","9","10","127","197","","","3","8","622","575"
"2023-08-26","48","43","33","44","326","624","","","10","3","1069","1216"
"2023-08-27","441","293","18","17","422","759","","","14","12","1097","1075"
"2023-08-28","7","6","1","1","6","18","","","9","9","442","325"
"2023-08-29","1","1","0","0","0","3","","","18","20","66","58"
"2023-08-30","0","0","2","1","3","13","","","7","6","106","90"
"2023-08-31","6","6","9","7","42","67","","","16","14","502","501"
"2023-09-01","187","198","7","5","23","68","","","15","13","478","449"
"2023-09-02","75","65","38","34","233","424","","","7","7","700","818"
"2023-09-03","135","121","17","32","117","176","","","15","21","694","675"
"2023-09-04","9","10","1","4","23","26","","","2","0","358","314"
"2023-09-05","15","14","17","20","22","24","","","13","15","459","476"
"2023-09-06","8","7","12","12","37","79","","","3","6","369","397"
"2023-09-07","7","7","16","21","47","187","","","8","11","510","516"
"2023-09-08","9","4","25","22","11","67","","","12","10","415","498"
"2023-09-09","94","75","151","80","221","294","","","15","15","856","944"
"2023-09-10","169","123","155","83","182","372","","","12","13","794","866"
"2023-09-11","11","8","46","34","30","47","","","5","5","454","508"
"2023-09-12","27","30","34","10","41","60","","","5","3","465","452"
"2023-09-13","121","168","15","20","22","61","","","14","16","364","350"
"2023-09-14","2","1","2","3","1","6","","","12","15","151","111"
"2023-09-15","6","4","5","3","19","45","","","15","17","227","192"
"2023-09-16","118","88","114","65","163","297","","","31","15","787","767"
"2023-09-17","192","140","149","91","227","444","","","21","13","838","765"
"2023-09-18","24","26","6","4","33","55","","","4","6","322","266"
"2023-09-19","8","9","3","4","6","10","","","14","8","209","180"
"2023-09-20","27","23","33","17","13","41","","","11","13","391","326"
"2023-09-21","10","9","3","0","37","69","","","14","16","156","154"
"2023-09-22","12","15","0","1","17","22","","","10","11","227","160"
"2023-09-23","0","0","1","0","0","0","","","26","42","80","71"
"2023-09-24","7","5","10","13","6","5","","","73","71","353","331"
"2023-09-25","0","0","6","6","6","6","","","13","17","265","240"
"2023-09-26","12","7","14","14","22","20","","","17","16","340","319"
"2023-09-27","11","6","29","3","24","46","","","16","17","304","287"
"2023-09-28","33","20","23","6","19","37","","","21","20","303","295"
"2023-09-29","26","12","25","4","36","62","","","8","22","320","339"
"2023-09-30","59","54","37","6","140","240","","","23","14","521","568"
"2023-10-01","161","106","63","21","137","283","","","64","29","966","919"
"2023-10-02","2","2","24","5","6","16","","","9","17","261","238"
"2023-10-03","132","98","15","4","26","34","","","13","11","275","268"
"2023-10-04","41","6","0","0","0","0","","","13","2","38","34"
"2023-10-05","9","8","8","4","10","24","","","21","26","170","165"
"2023-10-06","12","12","11","14","11","26","","","7","5","194","207"
"2023-10-07","93","79","69","32","177","391","","","42","46","950","992"
"2023-10-08","148","128","51","21","199","412","","","52","47","737","700"
"2023-10-09","15","13","10","7","7","28","","","6","6","142","155"
"2023-10-10","15","10","1","0","7","7","","","11","11","134","121"
"2023-10-11","14","11","9","7","9","31","","","13","13","354","333"
"2023-10-12","9","16","16","16","14","21","","","18","13","308","292"
"2023-10-13","387","362","16","19","23","98","","","14","14","306","316"
"2023-10-14","740","726","71","31","154","338","","","46","58","718","760"
"2023-10-15","4","5","0","0","0","0","","","1","8","1","2"
"2023-10-16","7","1","1","0","0","4","","","12","11","84","81"
"2023-10-17","10","5","1","0","1","2","","","24","21","69","72"
"2023-10-18","5","5","0","0","3","8","","","17","16","99","105"
"2023-10-19","11","13","1","1","0","0","","","1","3","45","52"
"2023-10-20","2161","1922","0","0","4","7","","","3","3","1558","1298"
"2023-10-21","11","8","2","2","100","175","","","44","50","239","197"
"2023-10-22","59","46","29","8","292","313","","","49","57","521","499"
"2023-10-23","7","3","2","0","152","172","","","19","27","490","512"
"2023-10-24","4","3","0","0","270","305","","","7","4","291","267"
"2023-10-25","2","1","1","0","45","30","","","7","7","189","173"
"2023-10-26","4","4","0","0","98","120","","","11","18","386","327"
"2023-10-27","0","1","1","0","303","362","","","4","2","61","67"
"2023-10-28","35","18","1","3","38","40","","","149","139","255","247"
"2023-10-29","76","62","11","7","2612","2949","","","81","78","349","364"
"2023-10-30","12","10","0","1","1080","1179","","","12","11","1013","852"
"2023-10-31","1","2","0","0","263","273","","","11","10","266","293"
"2023-11-01","49","35","21","18","254","304","","","86","83","316","412"
"2023-11-02","12","12","0","0","1103","1306","","","9","27","1354","1156"
"2023-11-03","2","2","1","1","247","293","","","14","12","46","54"
"2023-11-04","27","18","4","10","984","1225","","","119","140","2","5"
"2023-11-05","12","10","0","0","95","128","","","13","11","256","354"
"2023-11-06","3","2","1","0","55","74","","","7","11","49","54"
"2023-11-07","0","2","2","1","10","7","","","11","9","40","33"
"2023-11-08","8","6","4","1","10","10","","","10","11","55","49"
"2023-11-09","5","9","0","3","543","596","","","19","20","71","68"
"2023-11-10","1","1","23","2","1","5","","","2","3","31","18"
"2023-11-11","23","20","9","25","300","361","","","160","155","5","5"
"2023-11-12","67","44","9","7","311","312","","","125","59","79","96"
"2023-11-13","0","0","0","0","112","114","","","6","6","7","10"
"2023-11-14","1","1","2","2","2","3","","","14","14","7","10"
"2023-11-15","8","10","5","3","9","9","","","12","18","40","40"
"2023-11-16","8","3","0","0","222","224","","","19","26","187","202"
"2023-11-17","4","3","0","0","0","0","","","51","59","25","25"
"2023-11-18","75","56","19","30","97","105","","","159","155","193","181"
"2023-11-19","70","50","22","6","156","156","","","142","137","195","183"
"2023-11-20","9","3","0","0","31","4","","","13","15","4","4"
"2023-11-21","0","0","0","0","0","0","","","3","2","0","2"
"2023-11-22","3","1","0","0","7","8","","","6","5","2","0"
"2023-11-23","7","5","0","0","10","8","","","26","25","5","8"
"2023-11-24","2","9","0","0","46","52","","","11","10","22","19"
"2023-11-25","20","19","0","0","36","41","","","103","100","33","42"
"2023-11-26","58","25","0","0","56","49","","","103","107","71","66"
"2023-11-27","2","2","0","0","190","250","","","1","2","8","8"
"2023-11-28","1","1","0","0","300","372","","","6","6","25","15"
"2023-11-29","6","3","0","0","524","510","","","27","28","9","7"
"2023-11-30","0","1","0","0","2443","2155","","","0","0","30","70"
"2023-12-01","0","1","0","0","196","257","","","1","1","423","387"
"2023-12-02","2","1","0","0","110","140","","","1","1","148","143"
"2023-12-03","38","27","0","0","0","2","","","0","0","1","2"
"2023-12-04","4","3","0","0","3","5","","","","","119","131"
"2023-12-05","5","4","0","0","701","848","","","","","0","0"
"2023-12-06","2","1","0","0","172","110","","","","","2","1"
"2023-12-07","3","9","0","0","64","60","","","","","11","10"
"2023-12-08","3","0","0","0","0","1","","","","","8","2"
"2023-12-09","15","9","0","0","240","390","","","","","31","62"
"2023-12-10","39","36","0","0","1241","1150","","","41","41","37","38"
"2023-12-11","1","1","0","0","390","403","","","2","2","6","9"
"2023-12-12","1","1","0","0","83","101","","","0","0","9","14"
"2023-12-13","0","0","0","0","2","3","","","0","0","12","16"
"2023-12-14","3","1","0","0","0","0","","","8","7","3","1"
"2023-12-15","6","2","0","0","1","0","","","20","30","1","0"
"2023-12-16","19","16","0","0","0","0","","","92","96","5","1"
"2023-12-17","47","24","0","0","48","60","","","124","120","19","18"
"2023-12-18","9","4","0","0","0","0","","","12","12","7","6"
"2023-12-19","3","2","0","0","0","0","","","12","15","16","10"
"2023-12-20","3","8","0","0","0","0","","","19","19","4","6"
"2023-12-21","0","0","0","0","2","1","","","15","15","24","2"
"2023-12-22","1","0","0","0","4","5","","","20","13","1","0"
"2023-12-23","25","30","0","0","38","39","","","53","57","26","38"
"2023-12-24","30","26","0","0","0","0","","","74","75","16","17"
"2023-12-25","6","4","0","0","1","10","","","30","34","31","23"
"2023-12-26","72","81","","","3","5","","","35","43","55","28"
"2023-12-27","26","27","","","0","8","","","48","40","4","3"
"2023-12-28","21","15","","","0","2","","","20","23","0","0"
"2023-12-29","45","31","","","4","5","","","22","20","13","12"
"2023-12-30","23","10","","","8","7","","","43","19","8","26"
"2023-12-31","8","18","","","620","648","","","6","4","2","4"
"2024-01-01","15","13","","","153","101","","","37","31","0","0"
"2024-01-02","215","160","","","2418","2621","","","45","57","0","0"
"2024-01-03","1","0","","","1484","1910","","","4","3","0","0"
"2024-01-04","13","9","","","8","2","","","33","26","0","0"
"2024-01-05","5","2","","","23","24","","","20","15","0","0"
"2024-01-06","0","1","","","39","46","","","0","0","0","0"
"2024-01-07","8","3","","","1","0","","","11","13","0","0"
"2024-01-08","2","0","","","0","0","","","0","0","0","0"
"2024-01-09","5","2","","","0","0","","","4","3","0","0"
"2024-01-10","2","0","","","0","0","","","8","6","0","0"
"2024-01-11","2","1","","","0","0","","","5","6","0","0"
"2024-01-12","3","0","","","3","0","","","11","11","0","0"
"2024-01-13","3","4","","","64","70","","","83","85","0","0"
"2024-01-14","3","5","","","1","0","","","20","22","0","0"
"2024-01-15","0","0","","","0","0","","","13","12","0","0"
"2024-01-16","6","8","","","0","1","","","23","21","0","0"
"2024-01-17","0","0","","","2155","2552","","","0","0","0","0"
"2024-01-18","0","0","","","655","774","","","0","0","0","0"
"2024-01-19","0","0","","","48","42","","","0","0","0","0"
"2024-01-20","6","3","","","0","0","","","33","37","0","0"
"2024-01-21","13","12","","","2","2","","","117","125","0","0"
"2024-01-22","0","0","","","0","1","","","5","5","0","0"
"2024-01-23","1","0","","","1","0","","","0","0","0","0"
"2024-01-24","0","0","","","0","0","","","1","6","0","0"
"2024-01-25","1","1","","","0","2","","","","","0","0"
"2024-01-26","2","2","","","0","0","","","","","0","0"
"2024-01-27","1","3","","","0","1","","","","","0","0"
"2024-01-28","7","8","","","0","0","","","0","0","0","0"
"2024-01-29","0","0","","","0","0","","","","","0","0"
"2024-01-30","3","3","","","0","0","","","","","0","0"
"2024-01-31","0","0","","","0","1","","","","","0","0"
"2024-02-01","0","0","","","0","0","","","","","0","0"
"2024-02-02","0","0","","","0","0","","","0","0","0","0"
"2024-02-03","3","35","","","2","10","","","33","37","0","0"
"2024-02-04","17","38","","","3","3","","","49","49","0","0"
"2024-02-05","0","0","","","0","1","","","0","0","0","0"
"2024-02-06","2","0","","","1","1","","","0","0","0","0"
"2024-02-07","0","0","","","0","0","","","0","0","0","0"
"2024-02-08","0","0","","","21","22","","","18","17","0","0"
"2024-02-09","0","0","","","1063","1119","","","0","0","0","0"
"2024-02-10","0","0","","","419","471","","","","","0","0"
"2024-02-11","0","0","","","0","0","","","","","0","0"
"2024-02-12","0","0","","","0","4","","","","","0","0"
"2024-02-13","0","0","","","0","0","","","","","0","0"
"2024-02-14","0","0","","","0","0","","","","","0","0"
"2024-02-15","0","0","","","2","4","","","","","0","0"
"2024-02-16","0","0","","","1","2","","","","","0","0"
"2024-02-17","0","0","","","3","2","","","","","0","0"
"2024-02-18","0","0","","","2","2","","","","","0","0"
"2024-02-19","0","0","","","0","0","","","","","0","0"
"2024-02-20","0","0","","","3","2","","","","","0","0"
"2024-02-21","0","0","","","0","0","","","","","0","0"
"2024-02-22","0","0","","","1962","2145","","","","","0","0"
"2024-02-23","0","0","","","400","461","","","","","0","0"
"2024-02-24","0","0","","","27","38","","","","","0","0"
"2024-02-25","0","0","","","4","9","","","","","0","0"
"2024-02-26","0","0","","","2","4","","","","","0","0"
"2024-02-27","0","0","","","0","0","","","","","0","0"
"2024-02-28","0","0","","","2","4","","","","","0","0"
"2024-02-29","0","0","","","0","0","","","","","0","0"
"2024-03-01","0","0","","","0","0","","","","","0","0"
"2024-03-02","0","0","","","1","2","","","","","0","0"
"2024-03-03","0","0","","","46","68","","","","","0","0"
"2024-03-04","0","0","","","3","0","","","","","0","0"
"2024-03-05","0","0","","","0","0","","","","","0","0"
"2024-03-06","0","0","","","1","1","","","","","0","0"
"2024-03-07","0","0","","","0","0","","","","","0","0"
"2024-03-08","0","0","","","0","0","","","","","0","0"
"2024-03-09","0","0","","","894","880","","","","","0","0"
"2024-03-10","0","0","","","28","21","","","","","0","0"
"2024-03-11","0","0","","","2","4","","","","","0","0"
"2024-03-12","0","0","","","7","4","","","","","0","0"
"2024-03-13","0","0","","","0","0","","","","","0","0"
"2024-03-14","0","0","","","0","0","","","","","0","0"
"2024-03-15","0","0","","","0","0","","","","","0","0"
"2024-03-16","0","0","","","0","0","","","","","0","0"
"2024-03-17","0","0","","","2","2","","","16","15","0","0"
"2024-03-18","0","0","","","0","0","","","10","9","0","0"
"2024-03-19","0","0","","","0","0","","","0","0","0","0"
"2024-03-20","0","0","","","2","0","","","0","0","0","0"
"2024-03-21","0","0","","","0","0","","","0","0","0","0"
"2024-03-22","0","0","","","0","0","","","0","0","0","0"
"2024-03-23","0","0","","","18","12","","","0","0","0","0"
"2024-03-24","0","0","","","3","3","","","0","0","0","0"
"2024-03-25","0","0","","","0","0","","","0","0","0","0"
"2024-03-26","0","0","","","5","4","","","0","0","0","0"
"2024-03-27","0","0","","","18","25","","","0","0","0","0"
"2024-03-28","0","0","","","400","464","","","0","0","0","0"
"2024-03-29","0","0","","","484","481","","","0","0","0","0"
"2024-03-30","0","0","","","15","15","","","0","0","0","0"
